,Probabilities,Transformations
0,"[0.00054874 0.00040745 0.00034569 0.00032472 0.0003073  0.0003029
 0.00021135 0.0001214 ]","[[[ 1.25582706e-01 -8.64986152e-03  9.92045444e-01 -5.44605018e+01]
  [-8.69889530e-01  4.79819864e-01  1.14302684e-01  2.38121569e+01]
  [-4.76991813e-01 -8.77324386e-01  5.27326532e-02  5.85764566e+01]
  [ 0.00000000e+00  0.00000000e+00  0.00000000e+00  1.00000000e+00]]

 [[ 8.62403989e-01  3.72943334e-01 -3.42304878e-01 -3.28133331e+01]
  [-4.83756338e-01  4.07954849e-01 -7.74307850e-01  1.97200612e+01]
  [-1.49128016e-01  8.33358333e-01  5.32235591e-01 -1.27441957e+00]
  [ 0.00000000e+00  0.00000000e+00  0.00000000e+00  1.00000000e+00]]

 [[ 2.77770958e-01 -1.32730073e-02 -9.60555632e-01  2.46791583e+01]
  [ 4.53727329e-01 -8.79533456e-01  1.43361117e-01 -2.08191688e+01]
  [-8.46743648e-01 -4.75651896e-01 -2.38286524e-01  3.26189752e+01]
  [ 0.00000000e+00  0.00000000e+00  0.00000000e+00  1.00000000e+00]]

 [[ 3.63573600e-01  9.24350944e-01 -1.15713306e-01 -5.06758390e+01]
  [ 7.71980520e-01 -2.29433901e-01  5.92795211e-01 -4.83361769e+01]
  [ 5.21402258e-01 -3.04853107e-01 -7.96997032e-01 -3.11940237e+01]
  [ 0.00000000e+00  0.00000000e+00  0.00000000e+00  1.00000000e+00]]

 [[ 2.56412789e-01 -5.80282726e-01 -7.72997050e-01  2.16177453e+01]
  [ 2.76454694e-01 -7.22295986e-01  6.33925320e-01  6.89621468e+00]
  [-9.26188579e-01 -3.76245222e-01 -2.47840446e-02  5.16823269e+01]
  [ 0.00000000e+00  0.00000000e+00  0.00000000e+00  1.00000000e+00]]

 [[-6.17137397e-01  4.40191945e-01 -6.52205861e-01 -3.65694489e+00]
  [ 4.15853736e-01 -5.21197382e-01 -7.45264356e-01 -5.21335419e+00]
  [-6.67987353e-01 -7.31152748e-01  1.38594931e-01  6.14345223e+01]
  [ 0.00000000e+00  0.00000000e+00  0.00000000e+00  1.00000000e+00]]

 [[-3.27150971e-01 -3.90052350e-01  8.60715636e-01  1.92044643e+00]
  [-7.48041754e-01  6.63450657e-01  1.63328060e-02  3.14463288e+01]
  [-5.77413003e-01 -6.38507941e-01 -5.08823970e-01  6.50621336e+01]
  [ 0.00000000e+00  0.00000000e+00  0.00000000e+00  1.00000000e+00]]

 [[-1.85510816e-01  5.75306374e-01 -7.96623069e-01  7.87354065e+00]
  [ 8.11660938e-01  5.46678713e-01  2.05788499e-01 -3.10249515e+01]
  [ 5.53888309e-01 -6.08411835e-01 -5.68368525e-01 -9.25312270e+00]
  [ 0.00000000e+00  0.00000000e+00  0.00000000e+00  1.00000000e+00]]]"
