,Probabilities,x,y,z,rx,ry,rz
0,0.000615041583241622,2.7317044425953014,-30.128934700088998,72.79954780684176,-2.087937883299017,0.5322716126679135,0.9070214194527141
1,0.0005921103923139708,-31.923425171067155,86.15904283200983,10.806042123467265,0.19291541507078974,0.4581262948831699,-1.8614432886828198
2,0.0004866797138823706,15.822313694294026,32.455317494479885,-57.47717721418242,2.2576862425300375,-0.676045506763666,-1.2874161353185152
3,0.0004695968140926709,12.299222203879502,41.56102059753857,-27.79355431349672,1.0807854592863548,-0.4625420689765847,-1.7518867302773813
4,0.0003101164835935815,-37.61895645108705,9.691234600271208,43.19444888194671,3.0853251244543545,1.2843432508565824,0.8144631047060343
5,0.0002265822822669534,15.333389618703148,-49.56978061949323,-6.841588057663792,2.9089390765143324,0.06731074518508473,2.4628843772020503
6,0.0001972909142689171,-95.02714813182683,40.771225763353144,15.838970527300942,1.2472400555166945,0.4757382891243962,-0.3646535697633366
7,0.00018615894874244752,40.521150528547736,31.746761706208748,17.85137567244149,-2.0480435852514023,-0.2059436213623369,-2.6088252658225546
