,Probabilities,x,y,z,rx,ry,rz
0,0.0003339871785522134,-57.87260631803,-19.389633638322927,-5.085652356479358,2.7863333248506716,0.36264394834694347,1.1474159322611694
1,0.00022285705607621976,37.596326536526206,-71.01737572283567,-15.82581614986979,-2.2026212883425726,-0.39898169198649525,1.79730520805219
2,0.0002147029484859079,25.133030807959116,32.46557112220967,-9.31418280755456,-1.902122806850359,-0.605725891396188,-1.7780502265783262
3,0.00017545498174380305,-5.976037906803995,-2.637039036425172,45.42209918301347,-1.3718907007747096,1.2076615570160287,-1.6870044693523405
4,0.000171717117133716,5.8751621756932835,48.60928631138807,7.172780297019802,-2.082729355555159,-0.13888170037408076,-1.2103702758812358
5,0.00011732587625953854,56.85882148823292,23.01344292077675,8.433984747627344,0.3409732667529576,0.17623120092141908,-2.7074682950073123
6,0.00010479108525201382,24.03625161685778,10.135373410245748,69.80948722911548,-1.98322786770554,0.8570869845712754,1.3867180386900821
7,0.00010273828735116095,12.5421095262841,-15.039913785483584,61.36025696473975,-1.0778379556246858,1.208751134017524,2.058071253165158
