{
	"class_name" : "PinholeCameraParameters",
	"extrinsic" : 
	[
		-0.49060321208564228,
		0.86942886149355425,
		-0.058326178455926192,
		0.0,
		-0.82587719793960679,
		-0.44259202323692032,
		0.34934102949764312,
		0.0,
		0.27791247221863596,
		0.21955809201455459,
		0.93517854018163526,
		0.0,
		63.902268826539334,
		-24.667213664157597,
		114.110148841865,
		1.0
	],
	"intrinsic" : 
	{
		"height" : 995,
		"intrinsic_matrix" : 
		[
			861.6952767655165,
			0.0,
			0.0,
			0.0,
			861.6952767655165,
			0.0,
			806.0,
			497.0,
			1.0
		],
		"width" : 1613
	},
	"version_major" : 1,
	"version_minor" : 0
}