{
	"class_name" : "PinholeCameraParameters",
	"extrinsic" : 
	[
		0.85783789262348087,
		0.38135002874051072,
		-0.34450878879778507,
		0.0,
		0.17953265407429028,
		-0.85049191637295585,
		-0.49440016818898691,
		0.0,
		-0.48154145834013751,
		0.36226462118714958,
		-0.79804897602577296,
		0.0,
		-25.174013443852829,
		-0.53190259401125672,
		182.15503349560544,
		1.0
	],
	"intrinsic" : 
	{
		"height" : 995,
		"intrinsic_matrix" : 
		[
			861.6952767655165,
			0.0,
			0.0,
			0.0,
			861.6952767655165,
			0.0,
			806.0,
			497.0,
			1.0
		],
		"width" : 1613
	},
	"version_major" : 1,
	"version_minor" : 0
}