{
	"class_name" : "PinholeCameraParameters",
	"extrinsic" : 
	[
		1.0,
		-0.0,
		-0.0,
		0.0,
		0.0,
		-1.0,
		-0.0,
		0.0,
		0.0,
		-0.0,
		-1.0,
		0.0,
		-26.961994008779765,
		11.999657034330408,
		140.25047077932211,
		1.0
	],
	"intrinsic" : 
	{
		"height" : 995,
		"intrinsic_matrix" : 
		[
			861.6952767655165,
			0.0,
			0.0,
			0.0,
			861.6952767655165,
			0.0,
			806.0,
			497.0,
			1.0
		],
		"width" : 1613
	},
	"version_major" : 1,
	"version_minor" : 0
}