{
	"class_name" : "PinholeCameraParameters",
	"extrinsic" : 
	[
		0.96621562928449201,
		-0.079222073504026297,
		0.24525745818648598,
		0.0,
		0.068675834420581366,
		-0.83804747740438279,
		-0.54125784556234147,
		0.0,
		0.24841696297356619,
		0.53981505044401379,
		-0.80429392874813921,
		0.0,
		-43.661210470370108,
		38.494478109801676,
		166.84571936383963,
		1.0
	],
	"intrinsic" : 
	{
		"height" : 995,
		"intrinsic_matrix" : 
		[
			861.6952767655165,
			0.0,
			0.0,
			0.0,
			861.6952767655165,
			0.0,
			806.0,
			497.0,
			1.0
		],
		"width" : 1613
	},
	"version_major" : 1,
	"version_minor" : 0
}