{
	"class_name" : "PinholeCameraParameters",
	"extrinsic" : 
	[
		0.98194815687229897,
		-0.029248954437953938,
		0.18687513445983481,
		0.0,
		0.018096012692511078,
		-0.96891345182657596,
		-0.24673722296026193,
		0.0,
		0.188282637382546,
		0.24566485612271857,
		-0.95089348873913149,
		0.0,
		-48.879599574516931,
		43.937598133617897,
		80.644879245824512,
		1.0
	],
	"intrinsic" : 
	{
		"height" : 995,
		"intrinsic_matrix" : 
		[
			861.6952767655165,
			0.0,
			0.0,
			0.0,
			861.6952767655165,
			0.0,
			806.0,
			497.0,
			1.0
		],
		"width" : 1613
	},
	"version_major" : 1,
	"version_minor" : 0
}