{
	"class_name" : "PinholeCameraParameters",
	"extrinsic" : 
	[
		-0.55706596995830604,
		0.33499916622963077,
		0.75990332525911752,
		0.0,
		-0.66419248913383777,
		-0.72900617038128734,
		-0.16552444207489853,
		0.0,
		0.49852366292143918,
		-0.5969301149811943,
		0.62860845948486055,
		0.0,
		66.345577032305243,
		-3.8396692836999478,
		82.932059700709544,
		1.0
	],
	"intrinsic" : 
	{
		"height" : 995,
		"intrinsic_matrix" : 
		[
			861.6952767655165,
			0.0,
			0.0,
			0.0,
			861.6952767655165,
			0.0,
			806.0,
			497.0,
			1.0
		],
		"width" : 1613
	},
	"version_major" : 1,
	"version_minor" : 0
}