,Probabilities,x,y,z,rx,ry,rz
0,0.005658306831825944,-2.5143676014481144,-2.3511012410199865,83.52746503858268,-0.5908075128732174,0.9690142309541385,2.4045586048486824
1,0.002779022471576996,38.003266448812155,-77.46973134590836,45.336359652555984,-1.8369174396175423,-0.13636844480822252,1.7898913009888877
2,0.0022169388305346353,0.7684680689862269,-52.28141962792253,45.5554607346653,1.36739487713689,0.9195073577103412,2.0456174768914495
3,0.000892204257874164,-36.775205660164396,51.91307971251523,14.151426446367378,1.404760191264221,0.47057664411317246,-1.2589557430645475
4,0.0007743419683769126,-0.8631026654486798,-19.17184739115806,70.87213153643187,-2.195957476623423,0.853040971515556,1.0796819703152187
5,0.0003729062731401671,-6.762701533316558,-38.23966523388765,-27.21298368175403,1.483232656240618,-0.4388974545001525,1.8492300455483994
6,0.00028104998932488727,-16.37620890517698,-5.938126212817722,81.14521784394007,-2.9263556137222095,1.2304535952200846,1.7750772214025172
7,0.00013518174603183148,62.40639777962693,9.610004950277865,3.1935333585804657,2.814509644824694,-0.18627302763593856,3.1167839723471773
